{
  "animals": [
    {
      "id": 124,
      "organization_id": "NJ333",
      "url": "https://www.petfinder.com/cat/nebula-124/nj/jersey-city/nj333-petfinder-test-account/?referrer_id=d7e3700b-2e07-11e9-b3f3-0800275f82b1",
      "type": "Cat",
      "species": "Cat",
      "breeds": { "primary": "American Shorthair", "secondary": null, "mixed": false, "unknown": false },
      "colors": { "primary": "Tortoiseshell", "secondary": null, "tertiary": null },
      "age": "Young",
      "gender": "Female",
      "size": "Medium",
      "coat": "Short",
      "name": "Nebula",
      "description": "Nebula is a shorthaired, shy cat. She is very affectionate once she warms up to you.",
      "photos": [
        {
          "small": "https://photos.petfinder.com/photos/pets/124/1/?bust=1546042081&width=100",
          "medium": "https://photos.petfinder.com/photos/pets/124/1/?bust=1546042081&width=300",
          "large": "https://photos.petfinder.com/photos/pets/124/1/?bust=1546042081&width=600",
          "full": "https://photos.petfinder.com/photos/pets/124/1/?bust=1546042081"
        }
      ],
      "videos": [{ "embed": "<iframe src=\"https://www.youtube.com/embed/xaXbs1fRFRM\" frameborder=\"0\" allowfullscreen></iframe>" }],
      "status": "adoptable",
      "attributes": { "spayed_neutered": true, "house_trained": true, "declawed": false, "special_needs": false, "shots_current": true },
      "environment": { "children": false, "dogs": true, "cats": true },
      "tags": ["Cute", "Intelligent", "Playful", "Happy", "Affectionate"],
      "contact": {
        "email": "petfindertechsupport@gmail.com",
        "phone": "555-555-5555",
        "address": { "address1": null, "address2": null, "city": "Jersey City", "state": "NJ", "postcode": "07097", "country": "US" }
      },
      "published_at": "2018-09-04T14:49:09+0000",
      "distance": null,
      "_links": {
        "self": { "href": "/v2/animals/124" },
        "type": { "href": "/v2/types/cat" },
        "organization": { "href": "/v2/organizations/nj333" }
      }
    },

    {
      "id": 201,
      "organization_id": "NY999",
      "url": "https://www.petfinder.com/dog/mochi-201/ny/brooklyn/ny999/",
      "type": "Dog",
      "species": "Dog",
      "breeds": { "primary": "Shiba Inu", "secondary": null, "mixed": false, "unknown": false },
      "colors": { "primary": "Red", "secondary": null, "tertiary": null },
      "age": "Adult",
      "gender": "Female",
      "size": "Medium",
      "coat": "Double",
      "name": "Mochi",
      "description": "Confident and curious. Loves long walks and puzzle toys.",
      "photos": [
        {
          "small": "https://placehold.co/100x100?text=dog",
          "medium": "https://placehold.co/300x200?text=dog",
          "large": "https://placehold.co/600x400?text=dog",
          "full": "https://placehold.co/800x600?text=dog"
        }
      ],
      "videos": [],
      "status": "adoptable",
      "attributes": { "spayed_neutered": true, "house_trained": true, "declawed": false, "special_needs": false, "shots_current": true },
      "environment": { "children": true, "dogs": true, "cats": false },
      "tags": ["Playful", "Leash trained"],
      "contact": {
        "email": "adoptions@ny999.org",
        "phone": "212-000-0000",
        "address": { "address1": null, "address2": null, "city": "Brooklyn", "state": "NY", "postcode": "11215", "country": "US" }
      },
      "published_at": "2025-07-01T10:05:00Z",
      "distance": 4.2,
      "_links": {
        "self": { "href": "/v2/animals/201" },
        "type": { "href": "/v2/types/dog" },
        "organization": { "href": "/v2/organizations/ny999" }
      }
    }
  ],
  "pagination": { "count_per_page": 20, "total_count": 2, "current_page": 1, "total_pages": 1 },

  "types": [
    {
      "name": "Rabbit",
      "coats": ["Short", "Long"],
      "colors": [
        "Agouti", "Black", "Blue / Gray", "Brown / Chocolate", "Cream",
        "Lilac", "Orange / Red", "Sable", "Silver Marten", "Tan",
        "Tortoiseshell", "White"
      ],
      "genders": ["Male", "Female"],
      "_links": {
        "self": { "href": "/v2/types/rabbit" },
        "breeds": { "href": "/v2/types/rabbit/breeds" }
      }
    },
    {
      "name": "Bird",
      "coats": [],
      "colors": [
        "Black","Blue","Brown","Buff","Gray","Green","Olive","Orange",
        "Pink","Purple / Violet","Red","Rust / Rufous","Tan","White","Yellow"
      ],
      "genders": ["Male", "Female", "Unknown"],
      "_links": {
        "self": { "href": "/v2/types/bird" },
        "breeds": { "href": "/v2/types/bird/breeds" }
      }
    }
  ]
}

